metric,baseline_mean,baseline_sample_sd,direct_local_mean,direct_local_sample_sd,absolute_difference,relative_difference
success,0.7666666666666666,0.01797579627445416,0.7142857142857143,0.0911938952485979,-0.052380952380952306,-0.06832298136645953
removal_rate,0.9457665796424911,0.003796344046120608,0.878584187168773,0.03885078578958677,-0.06718239247371816,-0.0710348556608056
steps,144.88333333333335,7.925071084897621,155.4142857142857,21.08554369849696,10.530952380952357,0.07268574057944799
completion_steps,97.75703766638348,5.8711249543341335,97.7978676274841,6.803460358134325,0.04082996110061288,0.00041766774111909707
first_contact_steps,7.969047619047618,0.34295633485773036,5.645238095238096,0.6982607157866497,-2.3238095238095227,-0.29160442187033153
wall_contact_rate,0.3439628036802526,0.022855028604388535,0.6126708963984763,0.03412628615695465,0.26870809271822366,0.781212648121145
collision_rate,0.0768891004646317,0.006230014809956081,0.12400265277807437,0.03392490289822206,0.04711355231344268,0.612746826646964
mean_action_magnitude,0.9656441387676057,0.03265864247654812,0.9188160350634939,0.07319101937595653,-0.046828103704111834,-0.04849416241875166
mean_flow_speed,0.013809945605074364,0.0005167781251641353,0.01096558861456634,9.928160282108091e-05,-0.002844356990508024,-0.20596438768469047
blood_flow_exposure,2.157267307241758,0.06164373336486154,1.8440110250243118,0.24286804080290314,-0.31325628221744606,-0.1452097666181062
mean_simultaneously_contacted_clots,0.6554132729175746,0.054502458969339355,0.667972015908771,0.043816947390341296,0.012558742991196414,0.019161563413708612
