scenario,episodes,success,removal_rate,steps,wall_contact_rate,collision_rate,mean_action_magnitude,mean_flow_speed,blood_flow_exposure,mean_simultaneously_contacted_clots
basilar_vertebral,30,0.7666666666666667,0.9205037330068871,162.5,0.5520570995648793,0.0466344163501645,0.9488746007283528,0.011510418790082137,1.8658492306868235,0.7783586552021615
carotid_bifurcation,30,0.3333333333333333,0.8303412557762351,223.16666666666666,0.7561442648690518,0.0777018888954826,0.9256078660488128,0.011124893355493744,2.5777092496554057,0.5048362551326341
cerebral_venous_sinus,30,0.9,0.9568892397785498,124.93333333333334,0.3192060969756344,0.0214926276599924,0.9246229489644369,0.012394083819041649,1.5140523314476013,0.894805151082845
coronary_lm_bifurcation,30,0.5666666666666667,0.7993900784123639,174.13333333333333,0.7107057077910768,0.07548338175586462,0.9195133984088898,0.008562608140831192,1.5097124521931014,0.5795464154869934
coronary_rca,30,1.0,1.0,70.66666666666667,0.7660471340442073,0.10026316802712233,0.9448793272177378,0.01306245382875204,0.9294524689515432,0.7750546181161689
femoropopliteal_pad,30,0.5666666666666667,0.9946575075922143,166.96666666666667,0.8910390747367527,0.302106361156903,0.8076255430777868,0.014822342929740747,3.2083943794171015,0.5214527830270864
ica_siphon,30,0.9666666666666667,0.9874797213478251,100.66666666666667,0.7221644845998452,0.08490174212453551,0.9003585557142894,0.01279288629690806,1.2708390335241952,0.7330387463037197
ica_terminus_t,30,0.9333333333333333,0.973067729334555,92.23333333333333,0.5187484088996933,0.04221417828144844,0.9265385448932648,0.008331874230255684,0.8182018001874288,0.9333613679650943
iliac_may_thurner,30,0.9666666666666667,0.9915018479913275,116.86666666666666,0.24264763962170494,0.018032546102899307,0.9617708782354991,0.00853260358174642,1.0034330467383066,0.7925854971710815
mca_m1_lvo,30,0.23333333333333334,0.5416675618137442,252.66666666666666,0.8601228736919645,0.3144024164610348,0.9253344396750133,0.012285492025936644,3.2582923928896586,0.37344808743896485
popliteal_calf_dvt,30,0.8,0.9253806954401348,170.1,0.6559159651256691,0.08620246853129528,0.8921243131160737,0.00852649163765212,1.5117812514305116,0.810112627506616
pulmonary_saddle,30,0.9333333333333333,0.936923896681467,138.0,0.020414082092397267,0.021595741372157643,0.9748962660630544,0.0064248658251017336,0.8703903863827388,0.5133564117963789
renal_artery,30,0.8666666666666667,0.9825129489611538,118.06666666666666,0.6400433025207459,0.04477211864244911,0.9670071621735891,0.00934842200949788,1.116964852809906,0.895262649213596
sma_embolism,30,0.16666666666666666,0.45986240422636143,264.8333333333333,0.9221364150450453,0.5002340835316919,0.844270646572113,0.015798804132888714,4.361081474026045,0.24638895727945415
