scenario,episode_seed,success,removal_rate,steps,completion_steps,first_contact_steps,wall_contact_rate,collision_rate,mean_action_magnitude,mean_flow_speed,blood_flow_exposure,mean_simultaneously_contacted_clots,labels,contact_steps_total,policy_action_flow_dot_mean,geometry_sha256,trace,trace_arrays_sha256,training_seed
basilar_vertebral,3090000,1.0,1.0,135,135,7,0.48592592592592593,0.011851851851851851,0.906303346157074,0.008072965778410435,1.0898505449295044,0.8296296296296296,[],341,-0.11939084529876709,497b6a1de8872f01d1756d23cae8910f12d56331c4ce39241225cb0e585790c1,basilar_vertebral_3090000.npz,0c232e2c08f45c8bffed72487b5642b0a735b01f02fc80900a82bc6256a35c56,44
basilar_vertebral,3090001,0.0,0.7126666204909203,300,,12,0.6913333333333334,0.035,0.9937768578529358,0.012576568871736526,3.7729709148406982,0.35333333333333333,['wall_dominated_failure'],207,-0.5056037306785583,7405b69e29d4633abb1af652086dcdb4048c72f909070c7aa712393126a5b43c,basilar_vertebral_3090001.npz,25dda0b4470e5bf907b6ff4a9e63fd89eb790e58ef3584818a4562773af76bcd,44
basilar_vertebral,3090002,0.0,0.3536983780859335,300,,6,0.648,0.18333333333333332,0.7830585241317749,0.013670572079718113,4.101171970367432,0.06666666666666667,"['contact_maintenance_failure', 'wall_dominated_failure', 'robot_crowding_failure']",84,-0.53554767370224,7bb1f7c3115125a002e983897906c9668558f527bb94125a23145a806ce9e314,basilar_vertebral_3090002.npz,d795f1bc3b093b8b46ff252a0eed62e6e0ef71fa45268074d3481aaaed96964b,44
basilar_vertebral,3090003,1.0,1.0,77,77,12,0.7480519480519481,0.02207792207792208,0.9293212890625,0.010414185002446175,0.8018922805786133,0.8051948051948052,[],181,-0.058775387704372406,9243e7fe6eb92905565c5d8f1f38eec967ecd3529beb1c02c064664b4e0115fc,basilar_vertebral_3090003.npz,056bedcf632be23ffaa9246a0b635a3bedfe0a37938cd206711f0bdeb4158361,44
basilar_vertebral,3090004,1.0,1.0,103,103,7,0.5048543689320388,0.017475728155339806,0.9699457287788391,0.009963076561689377,1.0261969566345215,0.8446601941747572,[],291,-0.09034889191389084,fe412c95e8262e12dd8001bf454c4f9767d27142df6e7481106f06228a3e48e3,basilar_vertebral_3090004.npz,8d0b287e9fb47870c715a18943d792e01c12a1d753afed90ffeaac43d6633bea,44
basilar_vertebral,3090005,0.0,0.2891466447527734,300,,5,0.5053333333333333,0.051333333333333335,0.9648727178573608,0.010244248434901237,3.073275089263916,0.1,"['contact_maintenance_failure', 'wall_dominated_failure']",121,-0.7257912755012512,4cb59c65856a07843a3122cdc5687552865998749a859dc5ffe894048d86155f,basilar_vertebral_3090005.npz,0e424e38eea3ca9d332e546cc1487bfe5ba57483e4c70df62432611ae9b131ad,44
basilar_vertebral,3090006,1.0,1.0,123,123,7,0.5040650406504065,0.01056910569105691,0.8761242628097534,0.008153486996889114,1.0028789043426514,1.1869918699186992,[],301,-0.017942797392606735,b6163ad704f2d14f566aa69254091d105ca9488cf1bbf59137a06d254451b46a,basilar_vertebral_3090006.npz,8372eae4ec4d2c637e193cb52c48966d511b3113fcee5ec613363534103cd470,44
basilar_vertebral,3090007,1.0,1.0,72,72,5,0.5055555555555555,0.04027777777777778,0.9955357909202576,0.010697628371417522,0.7702292203903198,0.8333333333333334,[],207,-0.10115960240364075,fe93137d5d65cdc7cec90f2dc439d4556277fcf6845e1a2002e3e0981d2ea550,basilar_vertebral_3090007.npz,222d119585942c1221623cf450671c69b4c4e3b42c231a9f77210fb3c6006767,44
basilar_vertebral,3090008,1.0,1.0,172,172,7,0.8046511627906977,0.09651162790697675,0.9663715958595276,0.011311812326312065,1.9456316232681274,1.2616279069767442,[],348,-0.38944917917251587,0dd49eba09208e966777c6ed252a7058ee7c4548066bfe5392d72de6b030b2f2,basilar_vertebral_3090008.npz,1a48884dedbed1e7f83a8e460359757766a78ffd524d39fc59bf3c73c408a9c0,44
basilar_vertebral,3090009,1.0,1.0,103,103,14,0.7941747572815534,0.020388349514563107,1.0161274671554565,0.010224341414868832,1.0531072616577148,1.3786407766990292,[],200,-0.29608550667762756,88f06f59557aeae1eff0f54379e66ace26177da60da7da0c26f5d3c51dd4e9fe,basilar_vertebral_3090009.npz,b4f9184a164297918dccfddd38015430dd40a9bd6a869de0f1547188d73f656f,44
carotid_bifurcation,3080000,0.0,0.7232595725325582,300,,5,0.5513333333333333,0.09566666666666666,0.9863153696060181,0.012326067313551903,3.697819471359253,0.24333333333333335,"['contact_maintenance_failure', 'wall_dominated_failure']",233,-0.7486158013343811,8c042e4881abcf3dc08b3a40423ccb985cf410fec98bf1396f5b337185c51995,carotid_bifurcation_3080000.npz,62bede0091b436c11a8f824e404e3025b9f1ce73b463ee64e023d4954d6fb9cd,44
carotid_bifurcation,3080001,1.0,1.0,40,40,5,0.705,0.05,0.9501708745956421,0.010583136230707169,0.42332547903060913,0.825,[],158,0.12700051069259644,8ce0c8a8f310e201bc7391c90ff2fe55679951039070e280164ff5a585826d28,carotid_bifurcation_3080001.npz,887c696c5bb4fe96c24421f769813da4cbb424dc6b1ccc9e5ef1630038b46c55,44
carotid_bifurcation,3080002,0.0,0.7362939381551717,300,,6,0.7653333333333333,0.155,0.9751783013343811,0.011515042744576931,3.4545135498046875,0.17333333333333334,"['wall_dominated_failure', 'robot_crowding_failure']",247,-0.7456328272819519,10dc2001a86aa2b78a437b7d7ccde228ba8b5d90f836de3fe4488bbced67d616,carotid_bifurcation_3080002.npz,412ca3f7634d80374944258659e9186d7b07b487325082fb3e21826968677a87,44
carotid_bifurcation,3080003,0.0,0.7315619913546788,300,,5,0.8346666666666667,0.252,0.9749100208282471,0.012433277443051338,3.72998309135437,0.17333333333333334,"['wall_dominated_failure', 'robot_crowding_failure']",244,-0.7516636848449707,8870bb69c8b34c08c252c114266fd3ee1960c48e7cefbe97aecc8a06add556d8,carotid_bifurcation_3080003.npz,024b405e09023c0b9a8d1b83ca0c5fe4beb18cd540e44001c123b9ab63a513a9,44
carotid_bifurcation,3080004,0.0,0.7292888364689314,300,,3,0.8286666666666667,0.17466666666666666,0.9657913446426392,0.01158269215375185,3.47480845451355,0.16666666666666666,"['contact_maintenance_failure', 'wall_dominated_failure', 'robot_crowding_failure']",231,-0.7488762140274048,42dcd32d8a8ce62897ed91d239dbd60b1bc79e1476556c81400dc89d3cfa998c,carotid_bifurcation_3080004.npz,d55de639961fc601446995b5cad65034603c8ec9ebc0529c9a406916dec46cad,44
carotid_bifurcation,3080005,1.0,1.0,57,57,8,0.3824561403508772,0.03508771929824561,1.0704460144042969,0.009385252371430397,0.5349594354629517,0.8245614035087719,[],198,-0.006788555067032576,278e1795ad44a932d4bcb064f8d52c880611817506fafc66797f401b8fa083b9,carotid_bifurcation_3080005.npz,2ca26668abce9b030c061355f940664e5e4b1d5fe089d4085875aa9c1381ff0c,44
carotid_bifurcation,3080006,0.0,0.7015690225699924,300,,5,0.744,0.167,0.9643850922584534,0.012106634676456451,3.6319916248321533,0.11,"['contact_maintenance_failure', 'wall_dominated_failure', 'robot_crowding_failure']",162,-0.7997585535049438,0b2c66b7c973dbe008122f2aae20462fbf790493c2b12bdf69a60426981fbcb9,carotid_bifurcation_3080006.npz,bcc882ab6d49b75cb48fe3b2bc9414d80b3f5a4eb73b238ee33474734f7bf808,44
carotid_bifurcation,3080007,0.0,0.6601777652402736,300,,7,0.49466666666666664,0.04,1.0077729225158691,0.012525108642876148,3.757532835006714,0.11666666666666667,['contact_maintenance_failure'],156,-0.7870283126831055,f82be6531079ebf0ef770acb681f5cdb43dc7549d9b200da0f41367e2f87f723,carotid_bifurcation_3080007.npz,e7d922d6273930dcd9246a237f59cda3a98930a7df70984f5440c4ba4ec6f1a6,44
carotid_bifurcation,3080008,0.0,0.7510380203404183,300,,8,0.47533333333333333,0.06566666666666666,0.981423556804657,0.012227431870996952,3.668229579925537,0.21,['timeout'],260,-0.7072380185127258,5a96bc7f5db35dd97221519f270ff9103f83989489eefec422b996fff96ba174,carotid_bifurcation_3080008.npz,91134ab0537d80c30b17c9f95df27728464ff66839b5f1873070e0f6f174c1f3,44
carotid_bifurcation,3080009,1.0,1.0,41,41,3,0.4975609756097561,0.04878048780487805,1.0104398727416992,0.009874437004327774,0.40485185384750366,0.8536585365853658,[],164,-0.04134131595492363,a522efbc867e3a0e84e96e45d8ccbe723eaa51b041066141d3402c1a4f43b0ca,carotid_bifurcation_3080009.npz,7d8edb93a34ce546e457d3eb74bfac91cd52ceddb92199e100fe7bbaa948a6fd,44
cerebral_venous_sinus,3100000,1.0,1.0,108,108,5,0.5148148148148148,0.037037037037037035,0.8554921746253967,0.01064519677311182,1.1496813297271729,0.7592592592592593,[],366,-0.04198789969086647,09ce2f61372b1bd92634277ba09a3dab8b4d4d94ff77fd0033d857489d152ce9,cerebral_venous_sinus_3100000.npz,6e55c8082a36d14906b17dec1f4f513e3f939dd3e911b29884b27fbf5bdc3354,44
cerebral_venous_sinus,3100001,1.0,1.0,98,98,4,0.2714285714285714,0.013265306122448979,0.9989182949066162,0.009617096744477749,0.9424754977226257,0.8061224489795918,[],316,0.025113577023148537,1628f6258d89e0797132dc0e757d6eab84864753884e6732843408daccd1277c,cerebral_venous_sinus_3100001.npz,a3cd78fd6a51d3e6ce557de3de4dfb0b70904f05946097aab5a4aae009a7941f,44
cerebral_venous_sinus,3100002,1.0,1.0,118,118,16,0.26610169491525426,0.026271186440677965,0.9792805314064026,0.010825667530298233,1.2774288654327393,0.7372881355932204,[],305,-0.13053782284259796,efd99b6ea188813594e21b4b5f5a78ebae54b3b72be1eee142313d925f349238,cerebral_venous_sinus_3100002.npz,321dc7dfcd7ab828d51892ddaae262111332bd110f515be52713e45b78e20f7b,44
cerebral_venous_sinus,3100003,0.0,0.864360422236138,300,,4,0.16533333333333333,0.008333333333333333,1.038557767868042,0.01337507925927639,4.0125226974487305,0.5633333333333334,['timeout'],333,-0.7026249766349792,050dec8b068a624d86cf2808b282967343b8cecd800f9fdda1db7888af0dbc24,cerebral_venous_sinus_3100003.npz,6181e5a17711e115cba1d9fa65daa71eb5dc2081e1dbb252df10c965fad4ccfe,44
cerebral_venous_sinus,3100004,1.0,1.0,81,81,14,0.1925925925925926,0.013580246913580247,1.0358515977859497,0.011594340205192566,0.9391414523124695,0.7530864197530864,[],227,0.025755828246474266,1ddbb0c03a76564f18d468549c6251fe5a5c63d2bdf612a90f2e2788b5097bb6,cerebral_venous_sinus_3100004.npz,e8498dd3750347862e6715773df09dc3f7a93bb1df6cc7f5dfd4e56a23272333,44
cerebral_venous_sinus,3100005,1.0,1.0,93,93,8,0.08387096774193549,0.02043010752688172,1.0521949529647827,0.011736508458852768,1.0914952754974365,0.4838709677419355,[],176,0.07909475266933441,bd41633f9a2bdeed8f3facfda0b91fc4118ba09ce40f6585dd9028f9aa738559,cerebral_venous_sinus_3100005.npz,d9fc7e08321944d3894bab39a5e64a20560ad2e23336b676661238596bdac455,44
cerebral_venous_sinus,3100006,1.0,1.0,83,83,4,0.4,0.04457831325301205,0.8823254108428955,0.012690631672739983,1.0533225536346436,0.6987951807228916,[],268,-0.006673785392194986,0312a91f6b3f6bf9a990044363b20aae1906ba55db3caa794ae139ef1a296bb3,cerebral_venous_sinus_3100006.npz,cec33389b52bd57c13505841bfc074272434929fa73644273b043580db3facf5,44
cerebral_venous_sinus,3100007,1.0,1.0,124,124,4,0.4806451612903226,0.04838709677419355,0.9361085891723633,0.008259570226073265,1.0241868495941162,0.7741935483870968,[],424,0.045006632804870605,59ca496ec874e56a8217423106539d5c1f6d5464c53be17890b573be74972873,cerebral_venous_sinus_3100007.npz,277d97473e41c977f3592ea13fcb813028946277bf6ff51fed78823cf7102b7d,44
cerebral_venous_sinus,3100008,1.0,1.0,127,127,3,0.30708661417322836,0.014960629921259842,1.0158898830413818,0.008909163996577263,1.1314637660980225,0.8346456692913385,[],423,-0.055067721754312515,0f70a70c10b883cd0b038e0e8a93045d1196493a26710b6f7258456ffae27685,cerebral_venous_sinus_3100008.npz,e7c27712303fd225c0c90d0566a9fd59ffa64ae24aaa2724e9edc084880bcf87,44
cerebral_venous_sinus,3100009,1.0,1.0,60,60,9,0.4,0.03833333333333333,0.9686039090156555,0.014180502854287624,0.8508301973342896,0.6666666666666666,[],167,0.17265750467777252,15e55936cdefa383ce6fa818e91d7796403cd9d154083e2ac44104f79b95250d,cerebral_venous_sinus_3100009.npz,d07f9124b12c1a77675907f3f20cc4f14e0cb4a023e6af1aad4bca2d4eb30b19,44
coronary_lm_bifurcation,3010000,0.0,0.7655543180360436,300,,1,0.44,0.043666666666666666,0.9442666172981262,0.012166725471615791,3.6500179767608643,0.18,['timeout'],250,-0.721265435218811,5b318637fa4f27cca0619e1bdf2332adc4ab98c16a733c8685cf92e7e771478e,coronary_lm_bifurcation_3010000.npz,3d5f2f7871df050af9d1d2a4fcb8fae2a2a431d914e42538b379af9e5498acec,44
coronary_lm_bifurcation,3010001,1.0,1.0,79,79,4,0.4860759493670886,0.017721518987341773,1.0243110656738281,0.010574789717793465,0.8354083895683289,1.0886075949367089,[],135,-0.5445201992988586,31bdbd2c54323139a712bce7f5b925c06b02e4590fcfa4450b5c992774a90048,coronary_lm_bifurcation_3010001.npz,8f13e9b6add9bce57c5e5eb9ddb5f131cb6fe806919ca18fda4af0deaa045716,44
coronary_lm_bifurcation,3010002,0.0,0.2649166772097661,300,,3,0.6313333333333333,0.09966666666666667,0.9854685664176941,0.01020972803235054,3.0629184246063232,0.06333333333333334,"['contact_maintenance_failure', 'wall_dominated_failure']",88,-0.9126085042953491,c8f942740a749b2ecab75bcf90aa4dadacce4a7656b773ec687c465e8a2709c9,coronary_lm_bifurcation_3010002.npz,78bdd4d39d2347f90c1a3d3679533b18d267790e327b5043176601b276c5e554,44
coronary_lm_bifurcation,3010003,1.0,1.0,39,39,1,0.8051282051282052,0.06153846153846154,0.7853283882141113,0.0051322681829333305,0.2001584768295288,0.8974358974358975,[],167,0.025219807401299477,8808cb64b16b7996ed0b07f9a5967eaca36b40dd271c3b09f800dcf3c717681e,coronary_lm_bifurcation_3010003.npz,af181b56997929208a01aa7cadb98a4b6eb4e839ca2b5fd7b338b4b00a50e429,44
coronary_lm_bifurcation,3010004,1.0,1.0,75,75,1,0.608,0.06266666666666666,0.9832080602645874,0.008065884001553059,0.6049413084983826,0.7466666666666667,[],245,0.14037121832370758,f985c9b21ab7775368a0549b0741e58667974b4f83ac4bf20b731693abf1b28a,coronary_lm_bifurcation_3010004.npz,ffd004b083a27184a505ca63121530bfc5fcfbfb8b093f4bc39822b34b8809ef,44
coronary_lm_bifurcation,3010005,0.0,0.5600137908723588,300,,1,0.4513333333333333,0.037333333333333336,0.966780424118042,0.010870188474655151,3.261056900024414,0.12666666666666668,['contact_maintenance_failure'],184,-0.8231018781661987,f6790ee2954799bca37e2700993de7745876a956da5de9dd60a83c54a9dd1bb2,coronary_lm_bifurcation_3010005.npz,af2aa2443fb7014bc998cb1768e4a7b478a249a4ddbf8ae957d54da1d00c488b,44
coronary_lm_bifurcation,3010006,1.0,1.0,73,73,1,0.6410958904109589,0.06164383561643835,0.9000381231307983,0.008606408722698689,0.6282678246498108,0.821917808219178,[],237,0.02062138542532921,55ed2eba90a1527fce844163808bbd724703e21e8353baaf6b104c811001d8d7,coronary_lm_bifurcation_3010006.npz,4144b617a8e5dd2dd0f5fde29a38133ef22f3b8fae15c2f3cd8aef1560e32efe,44
coronary_lm_bifurcation,3010007,1.0,1.0,45,45,1,0.5466666666666666,0.05333333333333334,0.7586380243301392,0.006491108797490597,0.2920999228954315,0.8888888888888888,[],177,0.015133264474570751,4e5384d60df73c92a0d789168beb4154f4911c1d65a44f4922dafa48c7b11fef,coronary_lm_bifurcation_3010007.npz,6d13b5eb58f2e42d675b7b36543210feff71eee703b478460d3d5fc95482cdba,44
coronary_lm_bifurcation,3010008,0.0,0.6783243969792881,300,,1,0.9126666666666666,0.07166666666666667,0.9675139784812927,0.008751523680984974,2.6254568099975586,0.11666666666666667,"['contact_maintenance_failure', 'wall_dominated_failure']",173,-0.8356910943984985,21f84efc11944e8d0aaf65070a3db63053103287ab4586ec5e0ae403578184ef,coronary_lm_bifurcation_3010008.npz,ec7c9013ff42858670e31a8d4d2e71932b82657e3156b60414dc05e772e9d99f,44
coronary_lm_bifurcation,3010009,1.0,1.0,120,120,1,0.665,0.025833333333333333,0.9578627347946167,0.00854514166712761,1.0254169702529907,1.0833333333333333,[],340,-0.23656640946865082,66e3e618ab830a32c6d32f748d6f09bc4c8d1b52ba11d5f5f95b7dd26255e9fe,coronary_lm_bifurcation_3010009.npz,6c1d7135f929cb631480f3c25840582851872188d2573fc2e43b7789cccba1fb,44
coronary_rca,3020000,1.0,1.0,82,82,7,0.8048780487804879,0.12560975609756098,0.9581409096717834,0.015201610513031483,1.2465319633483887,0.8048780487804879,[],229,-0.10114838927984238,86fa8d88f0e000befb1008a7e88b2f226aa0507bde382d6f3019db611664e2fc,coronary_rca_3020000.npz,b4b602bf843e9355bb19b49d9dcc02612e64daa1c33fd3fc9f1319ad1242fb26,44
coronary_rca,3020001,1.0,1.0,48,48,1,0.7666666666666667,0.05,0.8921372890472412,0.015397680923342705,0.7390886545181274,0.7083333333333334,[],145,0.1504521518945694,36498c43367561fc6a134187829c298ff5eea51ac7555b672abeed073402ab2c,coronary_rca_3020001.npz,7f25a3413bae35a9c2511857e161e7c66408e0933e769895122e590dace50228,44
coronary_rca,3020002,1.0,1.0,62,62,7,0.8064516129032258,0.08870967741935484,1.080009937286377,0.012639589607715607,0.7836545705795288,0.7258064516129032,[],212,0.06723052263259888,3dcc368bd34f5fd39cbc146c1352dc0f7a2ee857a88145cdc5b8287cae9e3df4,coronary_rca_3020002.npz,22d6ba20fb7013b025b26db8d821a361741d2450ad2d04c137947d9d8c0c8a68,44
coronary_rca,3020003,1.0,1.0,66,66,1,0.7606060606060606,0.0893939393939394,0.9608694314956665,0.012476903386414051,0.8234756588935852,0.696969696969697,[],219,0.14804376661777496,ca1fa1e1dac02b863ee3a1498159d238065ccacb20d2efaca568d020f0e410e2,coronary_rca_3020003.npz,dc3363c6fb29abe59b1e2e8a1d9b4b559cd9a634ddc9fcdacc23a8f9dc9ee5a2,44
coronary_rca,3020004,1.0,1.0,92,92,1,0.7956521739130434,0.07065217391304347,0.973785400390625,0.011582411825656891,1.0655819177627563,0.7934782608695652,[],299,0.019517188891768456,b8949b4a480a998c8f7b253140b7cb3a61d67606c4790360fbd84555634c2e63,coronary_rca_3020004.npz,150d0ddb741dbf66945fd4f8fe349a33efec3b1379b451e668c01d968ebcb9e8,44
coronary_rca,3020005,1.0,1.0,73,73,1,0.6794520547945205,0.0589041095890411,0.9573869109153748,0.013584614731371403,0.9916768074035645,0.7123287671232876,[],249,0.17959490418434143,15cf022501e36e4d0ae21691257d79bfe56d79da7d1193fdbdd467995e43d6ec,coronary_rca_3020005.npz,fa50ba3423ee1b93dd90ae3f938d1d127c1b835514aa155bf7054d2b6891927b,44
coronary_rca,3020006,1.0,1.0,69,69,1,0.8144927536231884,0.12318840579710146,0.9558538794517517,0.010712872259318829,0.7391881942749023,0.7536231884057971,[],247,0.12725985050201416,1f5ad3566947f7c3ae1d9788c34ad8820b17dda2d00c8ffec413962569a474ff,coronary_rca_3020006.npz,f9cd6f3a976023224863b1d21f722b4e9bad31aa5bb3d35ea20d6fd026ed7d10,44
coronary_rca,3020007,1.0,1.0,77,77,1,0.7402597402597403,0.05584415584415584,0.9302864074707031,0.01117311604321003,0.8603299260139465,0.8311688311688312,[],257,-0.02920856699347496,b1e35365c593feae4f9bcd85e33e4855727f440e28393e123cabe32e73c3acae,coronary_rca_3020007.npz,cdeeaf84ed1286380aa0a6ccad157be1cba8bdbc80d989116d3d03165de2f7a2,44
coronary_rca,3020008,1.0,1.0,94,94,1,0.8851063829787233,0.09893617021276596,0.9470937252044678,0.013364375568926334,1.256251335144043,0.8404255319148937,[],287,-0.09318013489246368,cab938f981d2e7f68f646f8583694032e260eaa5fd32993239360f048d47007e,coronary_rca_3020008.npz,6909042bde5584f769598493a4da9119de9f944aed8262d72be9a29583312101,44
coronary_rca,3020009,1.0,1.0,40,40,1,0.79,0.1375,1.0126616954803467,0.011115958914160728,0.44463831186294556,0.8,[],154,0.13064774870872498,ff8ff98d59f998e23960d23df5d6738059aac9121d5252592b7794a5383b605b,coronary_rca_3020009.npz,c75660ece162ddce62677fef12e97dfbc50692f3898d835ab42b880c658c17c2,44
femoropopliteal_pad,3120000,0.0,0.9858689143166451,300,,4,0.9526666666666667,0.7096666666666667,0.7550999522209167,0.017207514494657516,5.16225528717041,0.16666666666666666,"['completion_tail_failure', 'wall_dominated_failure', 'robot_crowding_failure']",233,-0.5385913252830505,53ecf2f6722e64b00b10ced7a52607d666abfd0aed8fa0457d9a391a55b7c890,femoropopliteal_pad_3120000.npz,f963d8463cb5c3b3d52c61655534a5d9150b5d4ec119678c23aacf5e694dc077,44
femoropopliteal_pad,3120001,1.0,1.0,73,73,1,0.8794520547945206,0.19315068493150686,1.0143554210662842,0.006841425783932209,0.4994240701198578,0.9041095890410958,[],314,-0.07075755298137665,5f8c979651d7a139c376db578cdce361dba20b23648f9dc3cc537c35d8ead85c,femoropopliteal_pad_3120001.npz,98ff7366315b0a0de170e004e0881dc4f39fe6f1fccad2ad5a8f59370c173715,44
femoropopliteal_pad,3120002,0.0,0.9882019479365127,300,,6,0.9413333333333334,0.748,0.8292115330696106,0.023761579766869545,7.12847375869751,0.16666666666666666,"['completion_tail_failure', 'wall_dominated_failure', 'robot_crowding_failure']",238,-0.6331637501716614,1acac83bd378a1455407104c0a34c6b6817f8cdd4e4f90c18e6ed348a351e9f3,femoropopliteal_pad_3120002.npz,43f1e8ec2e7621e7e122a3d4d138eca97d178c989b3a174977f7e5bde8e60952,44
femoropopliteal_pad,3120003,1.0,1.0,41,41,7,0.7951219512195122,0.13902439024390245,1.032472014427185,0.01302298903465271,0.5339425802230835,0.6829268292682927,[],134,0.08406925946474075,61882a2fedd739e75962bc091e67f46adbec512a32e676b59ab39c961d0cba49,femoropopliteal_pad_3120003.npz,a287f2335bc47bc708b1b79308fe47e76fdd59ea91ec67a40949cc666aba2a57,44
femoropopliteal_pad,3120004,1.0,1.0,65,65,7,0.8307692307692308,0.11692307692307692,1.0261437892913818,0.008958498015999794,0.5823023319244385,0.8,[],250,-0.030564023181796074,64d3fcdb359d906e0e2d4985239500aafa20852cb380ddeba8d89542b4b4bd1f,femoropopliteal_pad_3120004.npz,023787cdcf6b8b49691a8a60be3f6f56449c39f15395edc6be45f51f3414ffde,44
femoropopliteal_pad,3120005,1.0,1.0,47,47,1,0.8340425531914893,0.15531914893617021,0.9415631294250488,0.01130599807947874,0.5313819050788879,0.723404255319149,[],166,0.08926737308502197,1831d9dc2847ccddaa5b095b2648a94e09b5f5ed7abfc9798372134f528ad475,femoropopliteal_pad_3120005.npz,a889af523f0f4debc9170a03d990c758a147f45af09bbbeb6653f9f8b9c004bd,44
femoropopliteal_pad,3120006,1.0,1.0,75,75,1,0.8586666666666667,0.10133333333333333,0.9879007339477539,0.007280286867171526,0.5460215210914612,0.88,[],320,-0.020778896287083626,695366918183e4309829bb746ce3f3a146246926930d10e4de108b23ebf51cb7,femoropopliteal_pad_3120006.npz,88b0f5db10de795c446d9ad4bd317ac9e5fb8af5bed775b3b42e7c373fd9440f,44
femoropopliteal_pad,3120007,0.0,0.9955564383609534,300,,1,0.9473333333333334,0.744,0.816429853439331,0.025067459791898727,7.520235538482666,0.16666666666666666,"['completion_tail_failure', 'wall_dominated_failure', 'robot_crowding_failure']",226,-0.6076728701591492,436be069e5b5dfbb60f3b119f2e725eb60583da675aabe352a4f5c991bf84a85,femoropopliteal_pad_3120007.npz,31a8e0c42c69ac10f5ab54407caf9178447b2e99589f39be363f17da17230b3f,44
femoropopliteal_pad,3120008,0.0,0.9980621640841773,300,,1,0.956,0.456,0.7358258366584778,0.025519195944070816,7.655759334564209,0.16666666666666666,"['completion_tail_failure', 'wall_dominated_failure', 'robot_crowding_failure']",233,-0.312950074672699,784637c4f92f5fba2ff92726164c86441985d0946c284cc72f8678d1172240c7,femoropopliteal_pad_3120008.npz,3e50528d69bd7c1720d9be7f555b5e45bda38cf055afdb0b006542e63f4072b7,44
femoropopliteal_pad,3120009,0.0,0.9986130133200692,300,,1,0.9466666666666667,0.703,0.757113516330719,0.019521242007613182,5.856372833251953,0.21333333333333335,"['completion_tail_failure', 'wall_dominated_failure', 'robot_crowding_failure']",290,-0.5150190591812134,df31da9f5c6d070fd7249bc6af7bc5d2e7c92d421bac63e7f7c55d54c642d2ac,femoropopliteal_pad_3120009.npz,7bf2474f3a45794520c45c11231068e0a7d34a57dacb9fbfc9292661c0a2be0e,44
ica_siphon,3060000,1.0,1.0,72,72,9,0.7,0.08611111111111111,0.9462212324142456,0.012348216027021408,0.8890716433525085,1.0972222222222223,[],229,0.18399865925312042,b1ff1bae2efb26cbae56e23158a38fc1ea4cd66e759f1feed3c66ce977fd26fd,ica_siphon_3060000.npz,ebe94a6cfd3b5c8c09a0c2db639a4f2652d57443e8809974d9f9ede8696b50e8,44
ica_siphon,3060001,1.0,1.0,77,77,10,0.6181818181818182,0.06103896103896104,0.9422518610954285,0.014027577824890614,1.0801236629486084,0.7272727272727273,[],257,0.13799530267715454,630f1b9a2ea397f88f34d9bb5affc742dbae33a2365a52c5d00a4f5dd136bfd2,ica_siphon_3060001.npz,5c113c70604c7f4b9129d7eaa3b60d9c5b51a6dcd149183df2e869e2b7fa5207,44
ica_siphon,3060002,1.0,1.0,79,79,10,0.6632911392405063,0.08227848101265822,0.9726752638816833,0.01200070884078741,0.9480560421943665,0.7215189873417721,[],263,0.17113859951496124,b298364533cd012a9d033235979fb8bfbcd7c520996a2b4edb0d48f43e365af5,ica_siphon_3060002.npz,d3005b72db3e9e326a965b45fe09bb397e5b1cac5c5686be8624683969edc2bb,44
ica_siphon,3060003,1.0,1.0,85,85,9,0.6517647058823529,0.06352941176470588,1.050726294517517,0.013571947813034058,1.1536155939102173,0.7294117647058823,[],245,0.041581206023693085,beabf1eceea36899e7354ab5367c2382f5ddc90cc6c7b40c77b5e3833dc80b7e,ica_siphon_3060003.npz,71083a90ec9e69d8b021b6abf8e9ef95bf15b7a01ba0f43753c5175541d0120f,44
ica_siphon,3060004,1.0,1.0,71,71,10,0.6591549295774648,0.05211267605633803,0.9079980254173279,0.013035495765507221,0.9255203008651733,0.8028169014084507,[],167,0.14287488162517548,16f6eaa4b97f513799b67a8b56048a7e0ec07eed8a97419b265c82ce7ad0ba65,ica_siphon_3060004.npz,8e0b78977e2a57787084a8e7c9126e3cc710157ab1e3c1a6c55d0788df6de3c1,44
ica_siphon,3060005,1.0,1.0,66,66,8,0.7212121212121212,0.051515151515151514,0.9608986377716064,0.013375229202210903,0.8827651143074036,1.0757575757575757,[],208,0.13872557878494263,b288bcd6a384bb1d22659194780dc9c88d07f09e3647c3fc05b48f139cc3eb1e,ica_siphon_3060005.npz,8404f96895feae70ecf3e0d63db3c17af951bcda2e69982cad1c69572099f606,44
ica_siphon,3060006,1.0,1.0,70,70,11,0.7228571428571429,0.05142857142857143,0.9819114208221436,0.012888402678072453,0.9021881818771362,1.1,[],227,0.13807980716228485,9a73b201f70047e73cf439998472ea8f0b8cdc9a9d5e767e93ff138eb53b1cfb,ica_siphon_3060006.npz,c5d16f25d0ebdecc85852fcb71aabef91b4144f9d6a555feffe98a11ccf2be1a,44
ica_siphon,3060007,1.0,1.0,171,171,9,0.8233918128654971,0.28538011695906434,0.8254242539405823,0.01341621857136488,2.294173240661621,0.8011695906432749,[],270,-0.1431082785129547,ea820da7fbc45412d5c11afe267be69f0e358f00be75f3b2ecee22ee5c6f640c,ica_siphon_3060007.npz,c51eef27c7781db39ea90d68cae438d2c93007aca22baf148095ab273a340b9f,44
ica_siphon,3060008,1.0,1.0,79,79,7,0.7164556962025317,0.07468354430379746,0.9694819450378418,0.013407318852841854,1.0591782331466675,0.7215189873417721,[],246,0.10316396504640579,9d438776f37d3c13aac0540ad6ebd6d74b63294b53e3c09741419de0a2e93367,ica_siphon_3060008.npz,48262a3a1053c69e619ebcb94df585c752c1b7ed774177a0d6ac1de29668347e,44
ica_siphon,3060009,1.0,1.0,78,78,9,0.6230769230769231,0.04487179487179487,0.9372883439064026,0.01256189588457346,0.9798277616500854,0.7307692307692307,[],228,0.12913696467876434,666f1957b2e50fd4f26f5f41d1b455445b09d466ed42c995d65c0f0251700911,ica_siphon_3060009.npz,5ba7a0d59c39353ea2258fbf88fbb48ff2411567cd3f37dbef9007f576137b57,44
ica_terminus_t,3070000,1.0,1.0,54,54,2,0.25555555555555554,0.012962962962962963,1.045600175857544,0.00851251557469368,0.45967578887939453,0.8888888888888888,[],222,-0.07301948219537735,47430da1b72ec1e974d5fbf1899768cdd73ef47a756e1dc43bc7bc0dd39dc737,ica_terminus_t_3070000.npz,be31af407021bc88c9da68252d83d9f0def43ac0092a52bc2921b17ce1420f36,44
ica_terminus_t,3070001,1.0,1.0,72,72,3,0.4111111111111111,0.025,0.9669837951660156,0.007671002764254808,0.5523122549057007,0.875,[],301,-0.003616166068241,b7f572e706f44651629158674d8256a2a717458c748cfb8959a010a10ea6fdb6,ica_terminus_t_3070001.npz,ddf968978446fd9b36838bb8478ba4c712a65dab216b75fd8a585293a860a757,44
ica_terminus_t,3070002,1.0,1.0,107,107,3,0.16448598130841122,0.013084112149532711,0.9434341192245483,0.008796989917755127,0.9412781000137329,1.1682242990654206,[],390,-0.14763003587722778,644deb972c8f1d938eed2c942e4e15c9ffbcb3bf8e69f581732f61be798e1459,ica_terminus_t_3070002.npz,73d7247907f7904417e3d83cb1b31a6c45024110fe131a36758335f1230bc0b3,44
ica_terminus_t,3070003,1.0,1.0,44,44,2,0.42272727272727273,0.03409090909090909,0.9239344596862793,0.008361544460058212,0.36790794134140015,0.9090909090909091,[],194,-0.07687955349683762,2e7b914e7f1f2417fe41f7312890a6bb000ffc00478a7251302583c9cd38b6d7,ica_terminus_t_3070003.npz,290071abd24ecfea8f85028dbe7614d014417000e834e15ed0357096cb5fd62f,44
ica_terminus_t,3070004,1.0,1.0,54,54,3,0.337037037037037,0.05185185185185185,1.0007964372634888,0.00992987398058176,0.5362132787704468,0.7962962962962963,[],204,0.034261200577020645,b9cc221ee2c8c1707244009fb9f167fa3d14678fe515ec90878a78411706dbd0,ica_terminus_t_3070004.npz,5baea36eb48d9442d5c714eb1675f023887f484186cef9d65087b8099c912ffa,44
ica_terminus_t,3070005,1.0,1.0,71,71,2,0.5014084507042254,0.01267605633802817,0.9828738570213318,0.007745176553726196,0.5499075651168823,1.2112676056338028,[],286,0.011031990870833397,1eebd56d80e1e499d8d5b1952ec0812ef452d24f1a778a882dc8ef121caa13ae,ica_terminus_t_3070005.npz,e2e2da895d99c781c822ef7cd8b961532b199fb27ee64e5e45d4b676809b1701,44
ica_terminus_t,3070006,1.0,1.0,231,231,1,0.5142857142857142,0.016017316017316017,1.0366129875183105,0.009824092499911785,2.2693655490875244,1.077922077922078,[],370,-0.6168013215065002,08f6cad42e6d1e62b6a7607ae9d80d3c0fc1be34010c11e30496f307a4dd7a1e,ica_terminus_t_3070006.npz,b36d7bf1d89ffffb095380216634f1d706f14b8c6711a5e13a2bb330ac79ddce,44
ica_terminus_t,3070007,1.0,1.0,73,73,1,0.6602739726027397,0.021917808219178082,0.8979707360267639,0.004999740514904261,0.364981085062027,1.2876712328767124,[],280,-0.1412080079317093,b23ec6cd29eccca51be5ad6fad04fb7c830b497ab2dda4eda6df1f750db3df1e,ica_terminus_t_3070007.npz,8aa6105a9c53881e90b9eeaab63b3479e4f6c847a3214dae79cb9addc1b54edd,44
ica_terminus_t,3070008,0.0,0.6714812810299724,300,,2,0.24933333333333332,0.021,0.9870403409004211,0.01278699841350317,3.8361001014709473,0.13333333333333333,['contact_maintenance_failure'],178,-0.8316760063171387,17727bdd20702e1acbadf47393296b1d7895d22fbb27708e8de002e81b7050be,ica_terminus_t_3070008.npz,3c4b116c3a06e7cc9f1dd573c32985aed38cc4f602e323011504f8e2099279d5,44
ica_terminus_t,3070009,1.0,1.0,54,54,3,0.32222222222222224,0.024074074074074074,0.9145894646644592,0.009838167577981949,0.5312610864639282,0.8148148148148148,[],193,0.05676930770277977,780f064d3522bb3da27c63b2165fd8f2726dbc32c24ee847b1ae7f08e674823a,ica_terminus_t_3070009.npz,fe0ce41654618e8dc1aef5de5610de0e43bd74f60ec5f446b71b36aa3f4e2eb7,44
iliac_may_thurner,3030000,1.0,1.0,67,67,15,0.08059701492537313,0.014925373134328358,1.0774527788162231,0.007739526219666004,0.5185481905937195,0.5970149253731343,[],181,0.1103987768292427,02c645d6b9fa90f74127eefe653b1fde4d86cd8b75ed46b399548ea168f643ad,iliac_may_thurner_3030000.npz,9f522aef309a96c3d67024d6d01a1292250b48093cf79e05deb11958eda0049b,44
iliac_may_thurner,3030001,1.0,1.0,124,124,27,0.07580645161290323,0.0016129032258064516,1.0905760526657104,0.008604738861322403,1.0669876337051392,0.6532258064516129,[],192,-0.20800212025642395,cc7398d114e391e86e0d2c74f191bf6d39705c828fa78cad11fa8e3ee9931792,iliac_may_thurner_3030001.npz,388535b64e453042cda892f3c19e9a504258af397152b01d945039ca0b5cf27e,44
iliac_may_thurner,3030002,1.0,1.0,78,78,10,0.46153846153846156,0.020512820512820513,0.9446262717247009,0.007958461530506611,0.6207600235939026,0.6923076923076923,[],251,0.1292775422334671,441aa35414133474b1faedc46076466e3c4c9e66316762619189eeb69b7ce9fe,iliac_may_thurner_3030002.npz,d04f221e92b08f82d9f05da2fc3fa33f49b0b4bbb0d37e64f7aa2cf5ec639fab,44
iliac_may_thurner,3030003,0.0,0.252833347392755,300,,15,0.048666666666666664,0.045,1.051854133605957,0.015519577078521252,4.655873775482178,0.08,['contact_maintenance_failure'],88,-0.836782693862915,b1b6ae2d1faf9c0c75f86b5f5eff72af5b9d5a05579f91a2239458e5a1a5db18,iliac_may_thurner_3030003.npz,51e3f030d84d531a39c7b287645b2d03e6ffbaeb5f132165869df1fdfbfc1b0e,44
iliac_may_thurner,3030004,1.0,1.0,118,118,15,0.13728813559322034,0.006779661016949152,1.0467809438705444,0.009350438602268696,1.1033517122268677,1.0677966101694916,[],267,-0.24864201247692108,37203f207103a52397263c96c65c595ee0085593e1dbd240717440c60bc0a6c9,iliac_may_thurner_3030004.npz,329dde385654ce3cc5ebefabcee334abcab46e559748426c8520972ca47540df,44
iliac_may_thurner,3030005,1.0,1.0,210,210,16,0.22095238095238096,0.006190476190476191,0.9963532090187073,0.006718127056956291,1.4108068943023682,0.919047619047619,[],312,-0.21644924581050873,760c16fe0312349f6cb375bc21230dd86e828c7a3fb36ce08c434a41effb1103,iliac_may_thurner_3030005.npz,a9408fa460415a75a0ee67eeddef6f341435d66f809074e17a8e10a49a319927,44
iliac_may_thurner,3030006,1.0,1.0,144,144,14,0.16527777777777777,0.011111111111111112,1.0206818580627441,0.011812378652393818,1.7009824514389038,0.7847222222222222,[],177,-0.4897669851779938,a2ad19eb91c2622ae428a69154317193a5699aef7adea71c552435ac1ab5de68,iliac_may_thurner_3030006.npz,5707b99070b68cd3420ec822b3116129a304f449730f83a8250b6bac5ce3bd62,44
iliac_may_thurner,3030007,1.0,1.0,147,147,12,0.2761904761904762,0.022448979591836733,1.053785800933838,0.00938494224101305,1.3795863389968872,1.0204081632653061,[],277,-0.3816341161727905,1cd5dd5ee4eaf5a1223c9ea358e3f69f099904bd2bb7f62f79aa389895092bfa,iliac_may_thurner_3030007.npz,f84172f4bc289244abdb9256ed12e50666c35bc4de83d8a8a4a476dcecca8fc3,44
iliac_may_thurner,3030008,1.0,1.0,199,199,20,0.22512562814070353,0.03015075376884422,1.0492020845413208,0.010313189588487148,2.052324056625366,0.7587939698492462,[],223,-0.5284589529037476,acc74c49b6e34fdfb3c350357c7ea5b00f6dd7aa9956dd597f2539bfd982da5c,iliac_may_thurner_3030008.npz,80e471b031282a5c8c43bbed032db3ac4c1162a52a461955fc98d5dcd4fcc76d,44
iliac_may_thurner,3030009,1.0,1.0,93,93,36,0.034408602150537634,0.002150537634408602,1.1658481359481812,0.008008169010281563,0.744759738445282,0.4731182795698925,[],171,0.1668681800365448,832963d4078c889f10fb9f4ecab393f0ceb048ec573d9db33909eaf3cc81ced2,iliac_may_thurner_3030009.npz,9f75c3d57b00a6812d38c66e6ea3cd74340483107eac7f385e7906f3c4eb86aa,44
mca_m1_lvo,3050000,1.0,1.0,189,189,2,0.6867724867724868,0.04814814814814815,1.0545319318771362,0.009447021409869194,1.785487174987793,1.0423280423280423,[],263,-0.7124760746955872,265c1ab959e6add72358454edc4c17c5f10aac9d62a676878f5b536c0f7ca298,mca_m1_lvo_3050000.npz,8deb44ac29819a949c0edbb2f46e15107cedf7e51b7d328293f8bad19c467fbc,44
mca_m1_lvo,3050001,0.0,0.7730458863858545,300,,1,0.8713333333333333,0.03166666666666667,1.0580273866653442,0.009594295173883438,2.8782877922058105,0.5933333333333334,['wall_dominated_failure'],272,-0.7076690793037415,d11f80ca77c5e496f51ba3bac74612ce8fc53d535c11ac5a5885070412201f00,mca_m1_lvo_3050001.npz,6e59b5a63f0546d5ec4df1e50433d66a367495a12c0406dcf951ad6bbf7ae7ea,44
mca_m1_lvo,3050002,0.0,0.17623374669294212,300,,1,0.9793333333333333,0.8036666666666666,0.8623243570327759,0.01895589753985405,5.686770439147949,0.03333333333333333,"['contact_acquisition_failure', 'contact_maintenance_failure', 'wall_dominated_failure', 'robot_crowding_failure']",29,-0.7652083039283752,b324e711d005a0ba0698447a23d7363809414fd1754cd73a1529e057aa4a659e,mca_m1_lvo_3050002.npz,4f1207ac2d2c2f7e3f920a3e570669de10ac1c0ed4d97cb478c22e143b321da8,44
mca_m1_lvo,3050003,0.0,0.6091075049655272,300,,2,0.9426666666666667,0.03766666666666667,1.1004265546798706,0.008599803782999516,2.5799412727355957,0.30333333333333334,"['contact_maintenance_failure', 'wall_dominated_failure']",106,-0.9190887808799744,b6de35573b73c6d3b96a24325d8505343b5a48ae640d09c0755d538d8581690e,mca_m1_lvo_3050003.npz,1701d89ce9e56b349d11452e4a64e060b6cfd4c1e4d4979479932132026a1f92,44
mca_m1_lvo,3050004,0.0,0.07948116036182673,300,,1,0.9773333333333334,0.304,0.9160283803939819,0.015376551076769829,4.6129655838012695,0.056666666666666664,"['contact_acquisition_failure', 'contact_maintenance_failure', 'wall_dominated_failure', 'robot_crowding_failure']",33,-0.8434482216835022,fa8e3cec724bada0e39034083bddd67093a9ca8126f38e26ae0998f72e27db10,mca_m1_lvo_3050004.npz,d8a3251d17c458c46d219d672b33617a6cdd0d4520d42581caaaa844fabb2209,44
mca_m1_lvo,3050005,0.0,0.8697483549702751,300,,3,0.588,0.09433333333333334,1.0422970056533813,0.008371950127184391,2.511585235595703,0.4166666666666667,['wall_dominated_failure'],186,-0.7859688401222229,4b1bab9fe67cdbb4821634ce7c93d63c13c0fd19fc6ab0cecc9631593c885036,mca_m1_lvo_3050005.npz,786706dfcc0aaac0f5873e68dfda87053bf1de8a22fa48a05964fb1a92fca228,44
mca_m1_lvo,3050006,0.0,0.06740584263590654,300,,1,0.9933333333333333,0.8963333333333333,0.7254587411880493,0.017610521987080574,5.283157825469971,0.03666666666666667,"['contact_acquisition_failure', 'contact_maintenance_failure', 'wall_dominated_failure', 'robot_crowding_failure']",23,-0.6625199913978577,9db95e60696529b8a9c9b7696bb066fc12900e3aaa789f2cedea62c8785704b8,mca_m1_lvo_3050006.npz,3030bc04a21cac82ee063dfd08ba3f47d5b086e43df2e1b8b8ded3378676f5fd,44
mca_m1_lvo,3050007,0.0,0.24605901272683794,300,,3,0.6466666666666666,0.059666666666666666,1.1235918998718262,0.009108330123126507,2.73249888420105,0.1,"['contact_maintenance_failure', 'wall_dominated_failure']",45,-0.8907462358474731,91dab355631ccfadf3b91ed5a75990d95ba3513150419268ca95bebc587bbf74,mca_m1_lvo_3050007.npz,9e3c468919e8ce72e9e4bec949673fdfb6c5ef123cb0d4b67f9c5e27b21a3f66,44
mca_m1_lvo,3050008,0.0,0.8641673288980481,300,,1,0.8086666666666666,0.009333333333333334,1.0515282154083252,0.009458908811211586,2.837672710418701,0.5733333333333334,['wall_dominated_failure'],221,-0.6284471154212952,2328da7c3cf63d4c2b143ea64a0faf4d5cef316f5375b0db29fcee75c48b06f2,mca_m1_lvo_3050008.npz,06f320dcd00a379d5007eeae9a8328a90059a6d4ff93cbd9ca361985e23ffcd0,44
mca_m1_lvo,3050009,0.0,0.49667315813978585,300,,2,0.668,0.08066666666666666,1.08094322681427,0.009596426971256733,2.878927707672119,0.2,"['contact_maintenance_failure', 'wall_dominated_failure']",88,-0.833354651927948,9e99d22418384fb182c791bc7dfbf3f0ecf8731e230c53e9c3c8d6b749065426,mca_m1_lvo_3050009.npz,27162ac1dff9901bc3a7d2a317bd1a5f9756c9873a0ffbc0e481fae2a6e88a07,44
popliteal_calf_dvt,3040000,1.0,1.0,112,112,3,0.5125,0.04285714285714286,1.0425738096237183,0.00874822586774826,0.9798012971878052,0.9464285714285714,[],238,-0.4453524053096771,c386f4cbdcb43971a48acd92d153dd0abc7d716e55ec143bec225d6fc9545cc2,popliteal_calf_dvt_3040000.npz,88064df1952a471830f74d7133b92c8a6f886a7be75a793d48eb85895135885e,44
popliteal_calf_dvt,3040001,0.0,0.748040327327768,300,,4,0.25933333333333336,0.010666666666666666,1.0271785259246826,0.01177592109888792,3.53277587890625,0.5233333333333333,['timeout'],278,-0.7201058864593506,450a2ac63a17ff5aaefaee7c420f3523b293e91a84691def459347e525040d31,popliteal_calf_dvt_3040001.npz,dcb0632731bc44b0e5ca701fdd48e2b205b2217c2387fb54d1ccdc3324a34c96,44
popliteal_calf_dvt,3040002,1.0,1.0,156,156,12,0.7269230769230769,0.12115384615384615,0.9553660750389099,0.010564510710537434,1.6480633020401,0.6858974358974359,[],168,-0.6249229311943054,f6ca09d3c63056e21e358a261e398aafb152db837bcde6c273d9197faf539760,popliteal_calf_dvt_3040002.npz,cc7a9c7b6ec09ddb43b002c177cfc02d591eec3d861a5e71fad07098b0c6d91d,44
popliteal_calf_dvt,3040003,1.0,1.0,229,229,8,0.7921397379912664,0.11965065502183406,0.9394870400428772,0.010329406708478928,2.365434169769287,0.5283842794759825,[],233,-0.6519896388053894,f284aed353ff2d28a4804941fd791d2a5f2380c02e29b0cadbf189b040e7dc37,popliteal_calf_dvt_3040003.npz,b7415af8cadb0208aea236f654fe617cbe377aea4223da42f0acb54723c8641a,44
popliteal_calf_dvt,3040004,1.0,1.0,163,163,4,0.25766871165644173,0.007975460122699387,1.0687206983566284,0.01021654810756445,1.6652971506118774,1.2147239263803682,[],326,-0.5114051103591919,d2a1f0a59447dd4a015d8211555a0c881133daf88d9d679efc09e37b93fe2050,popliteal_calf_dvt_3040004.npz,a4189e18258b025572ad48df5780ad4b581deb058b079dad349f3b14d03d5ba7,44
popliteal_calf_dvt,3040005,1.0,1.0,110,110,2,0.5163636363636364,0.031818181818181815,0.962820827960968,0.008297950029373169,0.9127745628356934,0.9454545454545454,[],267,-0.38814231753349304,43258c163b682db2e860d2637f1e742c5ed4565598d700da02805f001cdf0f94,popliteal_calf_dvt_3040005.npz,52e9466e1c4800fca4cac6fd4d441e1fdd7bb4b879bc93e173ba074450d1b3a0,44
popliteal_calf_dvt,3040006,1.0,1.0,169,169,3,0.6710059171597633,0.06449704142011835,0.9661484360694885,0.009197928942739964,1.5544501543045044,0.863905325443787,[],293,-0.48923391103744507,584ad178c4a9d812d22f3c4a1a8c33723e68bf5e281fd47283c17dfb7fcf5ec0,popliteal_calf_dvt_3040006.npz,65452e01fffb144a6ffc7864613fb93bcee77f06847172e2d22b9378446ca62b,44
popliteal_calf_dvt,3040007,1.0,1.0,81,81,5,0.4444444444444444,0.02345679012345679,0.987767219543457,0.009844060987234116,0.7973690032958984,0.7283950617283951,[],143,-0.3852848708629608,76e67f0b743fa9dd233b352a9871fd17704c59802dcd824e9398ad3fbe61acbd,popliteal_calf_dvt_3040007.npz,4987cd1fed08ccef11a18351ce09857d110ace11a125f0bb041d8fa4c0a6ced6,44
popliteal_calf_dvt,3040008,0.0,0.9967379051085673,300,,2,0.9326666666666666,0.19633333333333333,0.797507107257843,0.010241443291306496,3.07243275642395,0.6366666666666667,"['completion_tail_failure', 'wall_dominated_failure', 'robot_crowding_failure']",251,-0.5596832633018494,35b135a806812992a22dca07445a8401841bdac8dd530e1af38023ce90e59403,popliteal_calf_dvt_3040008.npz,882161102596eba4756731dd52ae9667a901a27dbc2d8798aeff0ec88c1802b6,44
popliteal_calf_dvt,3040009,0.0,0.5562028800606735,300,,10,0.784,0.21133333333333335,0.9752635359764099,0.011233562603592873,3.3700687885284424,0.07666666666666666,"['contact_maintenance_failure', 'wall_dominated_failure', 'robot_crowding_failure']",98,-0.8402585983276367,fdd1b87ed7e10c07dd5e112786e0cc21feda9f0d5498805f18a9c0fe820ad80d,popliteal_calf_dvt_3040009.npz,bbdb3a8799ba9f26e918e05aa2389f975073fc080752a5ef59b9f87c489a3d06,44
pulmonary_saddle,3000000,1.0,1.0,93,93,10,0.0,0.02043010752688172,1.0972251892089844,0.007274651434272528,0.6765426397323608,0.5806451612903226,[],201,-0.19098927080631256,b50edaca95839d61d7ab5eb29628572c244c0235bf1a6b941f14dac1471c504e,pulmonary_saddle_3000000.npz,d7e9e35eeabfe283f9bee76edc6f287dfee34be21bc52030c1132def63998765,44
pulmonary_saddle,3000001,1.0,1.0,178,178,5,0.11235955056179775,0.02247191011235955,1.062415599822998,0.005133910570293665,0.9138361215591431,0.5056179775280899,[],372,-0.17122100293636322,d13315e8add4fb3f50e03527cefbb2e3a401e2cb876c4dcd17bde19b35933670,pulmonary_saddle_3000001.npz,403e4bf4e5c8785e90fb890843d78a143bae109d7560cb4fee8c093513b8b595,44
pulmonary_saddle,3000002,1.0,1.0,99,99,6,0.0,0.029292929292929294,1.1105451583862305,0.009904962964355946,0.9805911779403687,0.5656565656565656,[],177,-0.3150227963924408,ce3307079877fd19854dffcbb27d3c19e79c2de8701ca8de19d5f1ec1430aca3,pulmonary_saddle_3000002.npz,204aadc020a37d7b14cf93f71bf61903d96bc4158b6586952cec1809231a1e9b,44
pulmonary_saddle,3000003,1.0,1.0,168,168,12,0.047619047619047616,0.01369047619047619,1.0242886543273926,0.006745532155036926,1.1332495212554932,0.5,[],354,-0.18098124861717224,85b9b0e5a2267becfb877acfff7ec313e920f9b2aac8ade9093c4c653b03e571,pulmonary_saddle_3000003.npz,9126634ea8e619c9949484a8f33638931eaf6ca359389b7851b7b00db5dd92bf,44
pulmonary_saddle,3000004,1.0,1.0,172,172,12,0.019767441860465116,0.011627906976744186,1.0504449605941772,0.00435722665861249,0.7494429349899292,0.5116279069767442,[],350,-0.07805944979190826,67e00851c279ac25e416845f2fdab0281fc74f55d395c8e3ab91c226622e03df,pulmonary_saddle_3000004.npz,a2a3d6b19367078ebe5a19863b9bc56ba9df937b3692e26001666fd6e8cb4545,44
pulmonary_saddle,3000005,1.0,1.0,174,174,10,0.07126436781609195,0.014367816091954023,1.0446007251739502,0.004499779082834721,0.7829615473747253,0.4942528735632184,[],356,-0.07202515751123428,e15d86310a2eb0047b184cf14eb0bcd6a287b2f35bc2dd93b645d500405e2bb3,pulmonary_saddle_3000005.npz,5a4f8773844d2060397eac5b0d724e4392a047fb1da9c0b779507c20c4cc4a8f,44
pulmonary_saddle,3000006,1.0,1.0,85,85,30,0.0,0.01764705882352941,1.059213399887085,0.005725356284528971,0.4866552948951721,0.5294117647058824,[],173,0.20628783106803894,bbe1334f77e3a679d47c61091ab5a71b03abc7d329a8246b546a7ee93872e90e,pulmonary_saddle_3000006.npz,214d756952564b1c51a0195eb7e186442cc6087f179b62973ea0ae73898d3f4c,44
pulmonary_saddle,3000007,1.0,1.0,158,158,4,0.08607594936708861,0.022151898734177215,1.0266019105911255,0.00636123213917017,1.0050746202468872,0.5126582278481012,[],350,-0.22148333489894867,f5d7413b92b9e34b63575cabf9086cb51778c14d6de6b093fe15c54b18ce356f,pulmonary_saddle_3000007.npz,c75081c19d376685c649750db95cf3639cd3a8eacc20a9a32ffd70209e325a7a,44
pulmonary_saddle,3000008,1.0,1.0,95,95,10,0.002105263157894737,0.01263157894736842,1.066311240196228,0.0060983155854046345,0.5793400406837463,0.5684210526315789,[],170,0.03821004927158356,6cb07981e2fc02fc11f54dcf558dc90d2ff7c3812776a3905f1ebab1854b31f9,pulmonary_saddle_3000008.npz,fefbf7f76e46e88e4b296f42e2f7c3d912acf2b8dc42d0411ad62cb10c4681a8,44
pulmonary_saddle,3000009,1.0,1.0,100,100,6,0.002,0.019,1.0813312530517578,0.0048505449667572975,0.48505449295043945,0.69,[],295,0.09432848542928696,64c0e2e99ddf1fae7730280b785d48715fb6994fcbfb31467a4a42f2afb05945,pulmonary_saddle_3000009.npz,f323fce26b19f3a1b13b2c340c9a57ced60bbbe5aaef15bfacd6990875c6ac43,44
renal_artery,3130000,0.0,0.7661586692813505,300,,1,0.286,0.029333333333333333,0.9549870491027832,0.012191963382065296,3.6575894355773926,0.17666666666666667,['timeout'],248,-0.767362654209137,155c51c4d573f8329b55cad948c88860a0b2fbd9b730ffeb46b375efcec05c9b,renal_artery_3130000.npz,3de8fc9ed27588c96369b2690b8fe74f80401c3c331da9a04027e7b53a9f62b8,44
renal_artery,3130001,1.0,1.0,41,41,1,0.5853658536585366,0.046341463414634146,0.869481086730957,0.007716038264334202,0.3163575530052185,0.8780487804878049,[],166,0.0023482509423047304,f7e97d3bb678e6b2a7a885299ee41828ae6e9ec7783e2a25a02ac4eba7898d69,renal_artery_3130001.npz,deae8440c15d64dd7f4f57d7a772ef10b0ef1e22019601465863097927ffae35,44
renal_artery,3130002,1.0,1.0,63,63,1,0.5333333333333333,0.04126984126984127,0.8814333081245422,0.008715329691767693,0.5490657687187195,0.8571428571428571,[],252,-0.018962780013680458,72a8b17c22454ff9a060048fc9aba538fc5f0a0aa6cb72069479fe6250e99ddd,renal_artery_3130002.npz,709a62fe184488d9e39a3b5c6d280a24bd49bbbba6e917057d878a1f98c2da9f,44
renal_artery,3130003,1.0,1.0,64,64,1,0.615625,0.06875,0.9031385183334351,0.007230767514556646,0.462769091129303,0.859375,[],255,0.03176546469330788,fbd6f345e86327cd978970fa1832c9f49ab8fbbb58136003259f48635585c9c5,renal_artery_3130003.npz,9eab9062b5e14e4972da70d907cadbc87d3be7d75ddf78c9ac796f6c9ff20652,44
renal_artery,3130004,0.0,0.7333253014025979,300,,1,0.222,0.025333333333333333,1.0190696716308594,0.013068478554487228,3.920544147491455,0.19,['timeout'],259,-0.7619020342826843,362b92ba2f71517ef15e26097a073401670ce179ddd782c1de835b60ef004f6b,renal_artery_3130004.npz,37b3b45e57e1daa383ce91cbb36dbec13019e9bb10453e964106d42e672e56dc,44
renal_artery,3130005,0.0,0.781933798505218,300,,1,0.5233333333333333,0.035,0.9560239315032959,0.009855123236775398,2.9565367698669434,0.2,['wall_dominated_failure'],273,-0.7565225958824158,b8cf70ff76179c5446f3602ba564b6ac3aa124f396fc0027ff9fb311c367e5af,renal_artery_3130005.npz,ddc7150c3129908bacc85ee0d796aa0455e02a1adb517cf81f2ee286977685a3,44
renal_artery,3130006,1.0,1.0,42,42,5,0.580952380952381,0.023809523809523808,0.9946461915969849,0.01011674851179123,0.42490339279174805,1.3571428571428572,[],169,0.02904370427131653,4ccf1cf9f2e657954f2beabf8a11b23f76b5dbf4ad9d098293d869bbfe096fad,renal_artery_3130006.npz,d40d49757b293c7746e805f74681f089994a41929abadc8c7caa5209b37fbde7,44
renal_artery,3130007,1.0,1.0,72,72,1,0.5861111111111111,0.06527777777777778,0.8168432712554932,0.007247962523251772,0.5218533277511597,1.375,[],306,-0.09215350449085236,665a5dcd5bc248d5f8e213033308c44306425f23a4bc8ab28a663363eb08e0a4,renal_artery_3130007.npz,9fdf826076f5edb5eb9d1245b69c8613d6db80ce376723542dbf17dd899f79a0,44
renal_artery,3130008,1.0,1.0,102,102,1,0.592156862745098,0.03333333333333333,0.9999855756759644,0.009179818443953991,0.9363414645195007,0.9117647058823529,[],225,-0.3941744863986969,1d97d8df798d03186c88bbe78c61c4c89e415d2c5911b44182d9974bc9c23937,renal_artery_3130008.npz,a61ccd73be48fdbdb74d9eb39ffd1350c6923e4d3a256870c218d47af1fbcc86,44
renal_artery,3130009,0.0,0.6935742582702327,300,,1,0.44266666666666665,0.028,0.9617983102798462,0.011039456352591515,3.3118367195129395,0.12333333333333334,['contact_maintenance_failure'],175,-0.8353205323219299,9e14124840a001c91d03b5f80efb9ab12f491fe35915778af9c05a7ab42d3638,renal_artery_3130009.npz,a1dfd6d577d77fdd31985f4e34bda7e641b5037f92cf5f391c3cc9570852d00f,44
sma_embolism,3110000,0.0,0.7851718121599243,300,,1,0.9653333333333334,0.592,0.7808144688606262,0.015254110097885132,4.576233386993408,0.22666666666666666,"['wall_dominated_failure', 'robot_crowding_failure']",154,-0.6470257043838501,b84d4c81189a708c168b179169f63c06addac11f5e37048ab3dfafb805bd50b4,sma_embolism_3110000.npz,66716846adeeec1cf0755278a31e4f8742ab54ebbd342865549f4466a92c4a1a,44
sma_embolism,3110001,0.0,0.44155626968101325,300,,1,0.9053333333333333,0.354,0.9111149907112122,0.013492914848029613,4.0478739738464355,0.12,"['contact_maintenance_failure', 'wall_dominated_failure', 'robot_crowding_failure']",127,-0.7616884708404541,687f560aa1038cd4e318e1f8be3b09027810f6241c5a32a4eaa52d537a760bbe,sma_embolism_3110001.npz,3f826395d284c59559e5736192fd7c817918b5caad4a49c1bd895d5eb3d62342,44
sma_embolism,3110002,0.0,0.2940733877327013,300,,1,0.96,0.77,0.7545245885848999,0.01785959117114544,5.357876777648926,0.10333333333333333,"['contact_maintenance_failure', 'wall_dominated_failure', 'robot_crowding_failure']",143,-0.6232443451881409,5538905f82bec778adce4d1353632b16e3e231e500de7f78900914b7439b3835,sma_embolism_3110002.npz,9d349a7755987c926cb381c0471ea8b2eb0c9bdf217631eff0cbd829e5c40f68,44
sma_embolism,3110003,0.0,0.0648785578078741,300,,4,0.97,0.9036666666666666,0.7052351832389832,0.022537941113114357,6.761383056640625,0.03333333333333333,"['contact_acquisition_failure', 'contact_maintenance_failure', 'wall_dominated_failure', 'robot_crowding_failure']",12,-0.6292018294334412,b97109aa4a831061d28ff6c5e7c3e074a42221f3f65e240b2c72bd2ad05de15e,sma_embolism_3110003.npz,b49a8e4c1fa558066c73db3da788375533bc2a8bdb758c9cd4c855340dee3f59,44
sma_embolism,3110004,0.0,0.5400133318679755,300,,1,0.9546666666666667,0.413,0.9944177269935608,0.012474769726395607,3.7424309253692627,0.09,"['contact_maintenance_failure', 'wall_dominated_failure', 'robot_crowding_failure']",110,-0.8506228923797607,71474f945f17015bcd882ebc0c3c4f0602b64090f3a2f8a85fab242c69e958af,sma_embolism_3110004.npz,89f4ee02121b17a213058788955bb18f354611d03e6eba96b1780c3a922e50fd,44
sma_embolism,3110005,0.0,0.4480117485026496,300,,1,0.98,0.8543333333333333,0.7801985740661621,0.021064063534140587,6.319217681884766,0.06,"['contact_maintenance_failure', 'wall_dominated_failure', 'robot_crowding_failure']",83,-0.6870978474617004,3b71c3733252067c86b52815a22e954617310164907b5790db46249d11c8245b,sma_embolism_3110005.npz,de0eb938c19df206c5b9356c264f23df9ac63b46e9887155e0b7183c90e8b4a2,44
sma_embolism,3110006,0.0,0.11161971174793783,300,,6,0.956,0.5123333333333333,0.878481388092041,0.015015482902526855,4.504645824432373,0.05,"['contact_acquisition_failure', 'contact_maintenance_failure', 'wall_dominated_failure', 'robot_crowding_failure']",28,-0.7631947994232178,93eece98063d78dc7f826332cd649ca585936c6d33dcc0c5e28ea7bc083c477b,sma_embolism_3110006.npz,c0abf3e6180a35164626046b0ddd79e5482ec06d99751ed368e842db9956da59,44
sma_embolism,3110007,0.0,0.10164984448552317,300,,4,0.9726666666666667,0.918,0.4485386610031128,0.023897608742117882,7.169283390045166,0.03333333333333333,"['contact_acquisition_failure', 'contact_maintenance_failure', 'wall_dominated_failure', 'robot_crowding_failure']",16,-0.3655426502227783,dbcd6a7011b7341257e95f50948cf3cd9b09c8c12a68f86e216559e168ed7e15,sma_embolism_3110007.npz,5a7700b9de1dd8a1ab7537380cfc5fa4592205ad1a188bc7a4a443011a505ca8,44
sma_embolism,3110008,0.0,0.9914627834549298,300,,1,0.9546666666666667,0.467,0.6623606085777283,0.016904199495911598,5.071260929107666,0.5566666666666666,"['completion_tail_failure', 'wall_dominated_failure', 'robot_crowding_failure']",257,-0.43166035413742065,095bd560334cf877f56e0723b613734bb0c644bc3ec8f51eda13a14d123211b1,sma_embolism_3110008.npz,315168e43a20f1e71b405862c44e11ff3c2556a1ccce1e4e093e6cffc47208a9,44
sma_embolism,3110009,0.0,0.08944070041253038,300,,4,0.8373333333333334,0.032,1.0185039043426514,0.00967021007090807,2.901062488555908,0.03,"['contact_acquisition_failure', 'contact_maintenance_failure', 'wall_dominated_failure']",15,-0.9465761184692383,e33990358c87cd387265067dfe33119fe63579d0169569756cbea48767eb2fd4,sma_embolism_3110009.npz,6590e603c926bc263f722cd00cda577fa502b6649fa3c803a4d5ffca4207766d,44
