scenario,episodes,success,removal_rate,steps,wall_contact_rate,collision_rate,mean_action_magnitude,mean_flow_speed,blood_flow_exposure,mean_simultaneously_contacted_clots
basilar_vertebral,30,0.8,0.9119881047357783,137.76666666666668,0.45070218145282287,0.029483308501118584,0.9672032137711842,0.013100622749576966,1.6777593354384104,0.7533486058033964
carotid_bifurcation,30,0.3333333333333333,0.8382696730182402,216.73333333333332,0.6539995874139648,0.08742111786170102,0.949150147040685,0.012899869897713264,2.8123731315135956,0.499095716096633
cerebral_venous_sinus,30,0.9333333333333333,0.9945887889345622,112.13333333333334,0.19948707331833662,0.01562293909263979,0.9975909113883972,0.014165228387961784,1.5653389314810435,0.7064442012337762
coronary_lm_bifurcation,30,0.5333333333333333,0.7945451010130564,175.83333333333334,0.6315444067534238,0.07031832235427878,0.9449282189210256,0.009859507453317444,1.6830098181962967,0.5449446381599464
coronary_rca,30,0.9666666666666667,0.9999528775704519,79.86666666666666,0.6819184503927932,0.06608626872313132,0.8714933216571807,0.014410286427785952,1.186613342165947,0.7441218137396077
femoropopliteal_pad,30,0.6666666666666666,0.9975438751300485,142.6,0.7746561233003234,0.24634371510884295,0.8155848165353139,0.015449208440259099,2.7850009590387343,0.6126245034753875
ica_siphon,30,0.8333333333333334,0.9690878090276277,121.13333333333334,0.6098902819523038,0.07490805891472256,0.9352017601331075,0.015164934843778611,1.8424015601476034,0.7151658916379314
ica_terminus_t,30,0.9666666666666667,0.9890493760343324,83.2,0.33759425847503416,0.020006385246550507,0.9856986661752065,0.010729637105638783,0.8866222669680913,1.0003911684568858
iliac_may_thurner,30,0.9,0.9340527145920449,121.8,0.13724379895548564,0.014373471419448723,1.042276644706726,0.010410097613930702,1.3027198791503907,0.6636631090881785
mca_m1_lvo,30,0.5,0.7641268537680078,190.1,0.7091276627841817,0.156832789837595,0.949762616554896,0.012113917246460914,2.347487594683965,0.7075890361911904
popliteal_calf_dvt,30,0.7666666666666667,0.9323961294785738,158.0,0.5101057137508771,0.049882494558365735,0.9634123027324677,0.010240294225513934,1.646272470553716,0.6763174122180023
pulmonary_saddle,30,1.0,1.0,111.83333333333333,0.013794303263076808,0.021804958077460104,1.0351998229821524,0.006893967418000102,0.7422594398260116,0.5845529306355604
renal_artery,30,0.8333333333333334,0.9585641941988204,116.0,0.46325668168788725,0.03340276302911027,0.9345547576745351,0.011060943113019068,1.2805858631928762,0.7994967868239905
sma_embolism,30,0.43333333333333335,0.6802775882169212,202.53333333333333,0.7541521202960333,0.31232165982576376,0.8415623943010966,0.014967195130884648,3.2695170531670255,0.4585214611388386
